         0,     37.00,     19.00,     -3.42,         0,         0,         0,         0,         0,         0,         0,         0,         0,         0,         0,         0,         0,         0,         0,         0,         0,         0,         0,         0,         0,         0,         0,         0,         0,         0,         0,         0,         0,         0,         0,         0,         0,    133.43,    119.78,     93.85,     68.93,         0,         0,         0,         0,         0
         1,     45.00,     20.00,    -52.42,         0,         0,         0,         0,         0,         0,         0,         0,         0,         0,         0,         0,         0,         0,         0,         0,         0,         0,         0,         0,         0,         0,         0,         0,    142.42,    132.74,    123.00,    119.57,    114.15,    121.08,         0,         0,         0,    105.95,     85.15,         0,         0,         0,         0,         0,         0,         0
         2,      1.00,     -4.00,    -72.42,         0,         0,         0,         0,         0,         0,         0,         0,         0,         0,         0,         0,         0,         0,         0,         0,         0,         0,         0,         0,    135.03,    103.16,     89.08,     77.93,     69.49,     63.12,         0,         0,         0,         0,         0,         0,         0,         0,         0,         0,         0,         0,         0,         0,         0,         0
         3,      8.00,     25.00,     27.58,         0,         0,         0,         0,         0,         0,         0,         0,         0,         0,         0,         0,         0,         0,         0,         0,         0,         0,         0,         0,         0,         0,         0,         0,         0,         0,         0,         0,         0,         0,         0,         0,    137.77,         0,    144.28,    133.29,    121.87,    109.14,    103.95,     95.11,     78.18,         0
         4,     47.00,    -22.00,    -79.42,         0,         0,         0,         0,         0,         0,         0,         0,         0,         0,         0,         0,         0,         0,         0,         0,         0,         0,         0,         0,         0,         0,         0,         0,    132.96,    100.57,     56.61,         0,         0,         0,         0,         0,         0,         0,         0,         0,         0,         0,         0,         0,         0,         0
         5,      2.00,    -27.00,    157.58,         0,         0,    141.71,    135.11,    129.35,    121.11,    115.65,    109.24,    109.31,    128.75,    113.10,     88.06,     97.55,     93.40,     84.23,     74.72,     64.58,     61.63,     57.02,         0,         0,         0,         0,         0,         0,         0,         0,         0,         0,         0,         0,         0,         0,         0,         0,         0,         0,         0,         0,         0,         0,         0
         6,    -29.00,     29.00,    -21.42,         0,         0,         0,         0,         0,         0,         0,         0,         0,         0,         0,         0,         0,         0,         0,         0,         0,         0,         0,         0,         0,    138.74,    132.80,    127.63,    123.16,    119.30,    112.72,    107.97,    102.72,    102.29,    115.66,    102.68,     86.48,     93.59,     90.90,     84.49,     77.92,     71.36,     70.33,     68.96,     67.04,     64.20
         7,     29.00,     27.00,     89.58,         0,         0,         0,         0,         0,         0,         0,         0,         0,         0,         0,         0,         0,         0,         0,         0,         0,         0,         0,         0,         0,         0,         0,         0,         0,         0,         0,         0,         0,         0,         0,         0,         0,         0,         0,         0,         0,         0,    142.09,    104.34,     62.71,         0
         8,      6.00,     22.00,   -152.42,         0,         0,         0,         0,    144.47,    134.70,    125.79,    116.96,    113.32,    124.84,     99.84,     82.46,    101.40,    101.01,     94.30,     88.49,     80.13,     74.60,     68.13,     60.66,         0,         0,         0,         0,         0,         0,         0,         0,         0,         0,         0,         0,         0,         0,         0,         0,         0,         0,         0,         0,         0,         0
         9,    -40.00,    -26.00,   -161.42,         0,         0,         0,         0,         0,         0,         0,         0,         0,         0,         0,         0,         0,         0,    137.01,    106.05,     66.15,         0,         0,         0,         0,         0,         0,         0,         0,         0,         0,         0,         0,         0,         0,         0,         0,         0,         0,         0,         0,         0,         0,         0,         0,         0
        10,     51.00,     22.00,    179.58,    115.15,    113.04,    111.43,    110.16,    109.13,    103.78,     98.53,     93.30,     91.38,     98.26,     85.36,     73.77,     83.99,     83.22,     78.51,     74.08,     68.45,     65.74,     62.60,     58.91,         0,         0,         0,         0,         0,         0,         0,         0,         0,         0,         0,         0,     92.07,         0,         0,         0,         0,         0,         0,    138.57,    128.32,    122.10
        11,     48.00,      9.00,    -60.42,         0,         0,         0,         0,         0,         0,         0,         0,         0,         0,         0,         0,         0,         0,         0,         0,         0,         0,         0,         0,         0,         0,         0,         0,    139.04,    127.19,    115.20,    110.55,    101.82,    112.24,         0,         0,         0,     61.28,         0,         0,         0,         0,         0,         0,         0,         0
        12,     11.00,    -19.00,    133.58,    123.68,    115.46,    108.32,    102.25,     97.14,     88.96,     83.06,     76.38,     75.70,     93.37,     75.66,         0,     64.19,     61.01,         0,         0,         0,         0,         0,         0,         0,         0,         0,         0,         0,         0,         0,         0,         0,         0,         0,         0,         0,         0,         0,         0,         0,         0,         0,         0,         0,    142.59
        13,    -35.00,    -20.00,    125.58,         0,         0,    140.42,    130.74,    121.31,    110.88,    105.68,     98.10,    101.90,    134.39,    133.21,         0,     81.40,     69.08,         0,         0,         0,         0,         0,         0,         0,         0,         0,         0,         0,         0,         0,         0,         0,         0,         0,         0,         0,         0,         0,         0,         0,         0,         0,         0,         0,         0
        14,     18.00,     34.00,    127.58,     57.70,     55.08,         0,         0,         0,         0,         0,         0,         0,         0,         0,         0,         0,         0,         0,         0,         0,         0,         0,         0,         0,         0,         0,         0,         0,         0,         0,         0,         0,         0,         0,         0,         0,         0,         0,         0,         0,         0,         0,         0,         0,     79.58
        15,     -6.00,    -21.00,    -47.42,         0,         0,         0,         0,         0,         0,         0,         0,         0,         0,         0,         0,         0,         0,         0,         0,         0,         0,         0,         0,         0,    100.95,     87.27,     79.14,     73.95,     70.40,     60.58,         0,         0,         0,         0,         0,         0,         0,         0,         0,         0,         0,         0,         0,         0,         0
        16,    -32.00,     -1.00,     66.58,    105.39,     93.28,     79.44,     65.27,         0,         0,         0,         0,         0,     66.25,         0,         0,         0,         0,         0,         0,         0,         0,         0,         0,         0,         0,         0,         0,         0,         0,         0,         0,         0,         0,         0,         0,         0,         0,         0,         0,         0,    140.58,    137.52,    133.75,    129.01,    122.98
        17,     41.00,     21.00,    -34.42,         0,         0,         0,         0,         0,         0,         0,         0,         0,         0,         0,         0,         0,         0,         0,         0,         0,         0,         0,         0,         0,         0,         0,         0,         0,         0,    137.14,    133.06,    126.84,    132.39,         0,         0,         0,    114.96,     98.48,     68.95,         0,         0,         0,         0,         0,         0
        18,     37.00,     30.00,      4.58,         0,         0,         0,         0,         0,         0,         0,         0,         0,         0,         0,         0,         0,         0,         0,         0,         0,         0,         0,         0,         0,         0,         0,         0,         0,         0,         0,         0,         0,         0,         0,         0,         0,         0,         0,    130.04,    104.58,     69.88,         0,         0,         0,         0
        19,      3.00,    -32.00,    145.58,         0,    137.63,    130.65,    124.38,    118.84,    111.04,    106.03,    100.13,    100.44,    118.83,    105.07,     82.75,     89.63,     85.41,     76.71,     67.46,     58.06,     56.33,         0,         0,         0,         0,         0,         0,         0,         0,         0,         0,         0,         0,         0,         0,         0,         0,         0,         0,         0,         0,         0,         0,         0,         0
        20,     21.00,     10.00,     62.58,         0,         0,         0,         0,         0,         0,         0,         0,         0,         0,         0,         0,         0,         0,         0,         0,         0,         0,         0,         0,         0,         0,         0,         0,         0,         0,         0,         0,         0,         0,         0,         0,    128.58,         0,         0,         0,    134.19,    117.58,    105.81,     89.82,     70.60,         0
        21,     17.00,      7.00,    -36.42,         0,         0,         0,         0,         0,         0,         0,         0,         0,         0,         0,         0,         0,         0,         0,         0,         0,         0,         0,         0,         0,         0,         0,    137.80,    127.01,    117.92,    105.64,     96.95,     86.10,     84.84,    118.69,     83.97,         0,     63.56,     59.39,         0,         0,         0,         0,         0,         0,         0
        22,    -46.00,    -10.00,    -96.42,         0,         0,         0,         0,         0,         0,         0,         0,         0,         0,         0,         0,         0,         0,    143.77,    124.54,    101.43,     81.89,     64.69,         0,         0,         0,         0,         0,         0,         0,         0,         0,         0,         0,         0,         0,         0,         0,         0,         0,         0,         0,         0,         0,         0,         0
        23,    -54.00,    -33.00,    -27.42,         0,         0,         0,         0,         0,         0,         0,         0,         0,         0,         0,         0,         0,         0,         0,         0,    128.89,     95.78,     86.62,     82.59,     80.34,     77.93,     77.21,     76.66,     76.23,     75.88,     71.04,     65.96,     60.97,     58.93,     64.34,         0,         0,         0,         0,         0,         0,         0,         0,         0,         0,         0
        24,     54.00,     19.00,     27.58,         0,         0,         0,         0,         0,         0,         0,         0,         0,         0,         0,         0,         0,         0,         0,         0,         0,         0,         0,         0,         0,         0,         0,         0,         0,         0,         0,         0,         0,         0,         0,         0,         0,         0,         0,    113.54,     57.56,         0,         0,         0,         0,         0
        25,     29.00,     20.00,      5.58,         0,         0,         0,         0,         0,         0,         0,         0,         0,         0,         0,         0,         0,         0,         0,         0,         0,         0,         0,         0,         0,         0,         0,         0,         0,         0,         0,         0,         0,         0,         0,         0,    105.58,    134.00,    124.60,    105.58,     86.55,     63.44,         0,         0,         0,         0
        26,     17.00,    -27.00,    145.58,    133.33,    126.30,    120.12,    114.76,    110.15,    102.81,     97.65,     91.84,     91.49,    107.24,     92.65,     73.13,     81.52,     78.35,     70.91,     63.29,     55.42,         0,         0,         0,         0,         0,         0,         0,         0,         0,         0,         0,         0,         0,         0,         0,         0,         0,         0,         0,         0,         0,         0,         0,         0,         0
        27,     52.00,     -6.00,    -34.42,         0,         0,         0,         0,         0,         0,         0,         0,         0,         0,         0,         0,         0,         0,         0,         0,         0,         0,         0,         0,         0,         0,         0,         0,         0,         0,    141.54,    132.38,     99.27,    110.86,         0,         0,         0,         0,         0,         0,         0,         0,         0,         0,         0,         0
        28,    -12.00,     35.00,    132.58,         0,     79.14,     65.11,     60.71,     58.59,         0,         0,         0,         0,         0,         0,         0,         0,         0,         0,         0,         0,         0,         0,         0,         0,         0,         0,         0,         0,         0,         0,         0,         0,         0,         0,         0,         0,         0,         0,         0,         0,         0,         0,         0,         0,         0
        29,    -49.00,    -24.00,     58.58,    100.34,     93.30,     85.36,     76.71,     67.67,     59.12,     57.02,         0,     61.23,     85.24,     97.34,    141.69,     55.33,         0,         0,         0,         0,         0,         0,         0,         0,         0,         0,         0,         0,         0,         0,         0,         0,         0,         0,    142.78,    131.16,    141.67,    140.95,    136.23,    131.80,    126.11,    123.29,    120.01,    116.18,    111.70
        30,    -28.00,    -19.00,   -106.42,         0,         0,         0,         0,         0,         0,         0,         0,         0,         0,         0,         0,         0,         0,         0,         0,    131.31,    114.54,     89.29,     61.78,         0,         0,         0,         0,         0,         0,         0,         0,         0,         0,         0,         0,         0,         0,         0,         0,         0,         0,         0,         0,         0,         0
        31,     41.00,     32.00,   -102.42,         0,         0,         0,         0,         0,         0,         0,         0,         0,         0,         0,    143.49,         0,         0,         0,         0,    139.62,    136.34,    132.58,    128.25,    123.27,    111.17,    104.06,     96.39,     88.39,     80.35,     72.25,     69.48,     65.54,     70.48,     93.26,     96.76,    110.90,     61.93,         0,         0,         0,         0,         0,         0,         0,         0
        32,    -37.00,     15.00,    -16.42,         0,         0,         0,         0,         0,         0,         0,         0,         0,         0,         0,         0,         0,         0,         0,         0,         0,         0,         0,         0,         0,    132.54,    127.03,    122.45,    118.62,    115.41,    108.93,    103.80,     98.32,     97.32,    109.25,     95.22,     79.65,     88.65,     86.59,     80.57,     74.61,     68.16,     66.27,     63.87,     60.75,     56.53
        33,     18.00,    -27.00,    163.58,         0,    143.65,    137.55,    132.27,    127.72,    120.45,    115.31,    109.54,    109.17,    124.71,    110.22,     90.99,     99.30,     96.19,     88.84,     81.32,     73.57,     71.89,     69.54,     66.05,     60.38,         0,         0,         0,         0,         0,         0,         0,         0,         0,         0,         0,         0,         0,         0,         0,         0,         0,         0,         0,         0,         0
        34,    -29.00,     17.00,    -11.42,         0,         0,         0,         0,         0,         0,         0,         0,         0,         0,         0,         0,         0,         0,         0,         0,         0,         0,         0,         0,         0,    143.72,    137.39,    132.08,    127.64,    123.91,    116.96,    111.62,    105.82,    104.90,    118.29,    103.27,     85.93,     95.53,     93.18,     86.60,     80.08,     73.02,     70.89,     68.13,     64.40,     59.15
        35,      6.00,     11.00,    169.58,         0,    136.70,    127.45,    120.91,    116.14,    106.11,     97.58,     88.68,     85.71,    101.72,     74.85,         0,     72.60,     71.41,     63.73,     56.93,         0,         0,         0,         0,         0,         0,         0,         0,         0,         0,         0,         0,         0,         0,         0,         0,         0,         0,         0,         0,         0,         0,         0,         0,         0,         0
        36,     -9.00,     35.00,    -25.42,         0,         0,         0,         0,         0,         0,         0,         0,         0,         0,         0,         0,         0,         0,         0,         0,         0,         0,         0,         0,         0,         0,    143.18,    136.79,    131.07,    126.01,    118.71,    113.96,    108.47,    108.70,    125.40,    112.56,     93.08,     98.88,     95.04,     87.20,     78.85,     70.70,     69.91,     68.72,     66.73,     62.69
        37,     44.00,     34.00,     12.58,         0,         0,         0,         0,         0,         0,         0,         0,         0,         0,         0,         0,         0,         0,         0,         0,         0,         0,         0,         0,         0,         0,         0,         0,         0,         0,         0,         0,         0,         0,         0,         0,         0,         0,         0,         0,    128.52,     72.77,         0,         0,         0,         0
        38,     10.00,    -11.00,    144.58,    132.78,    123.62,    115.92,    109.58,    104.38,     95.67,     89.09,     81.74,     80.53,     98.66,     78.08,         0,     68.20,     65.42,     57.04,         0,         0,         0,         0,         0,         0,         0,         0,         0,         0,         0,         0,         0,         0,         0,         0,         0,         0,         0,         0,         0,         0,         0,         0,         0,         0,         0
        39,    -43.00,     27.00,    -67.42,         0,         0,         0,         0,         0,         0,         0,         0,         0,     76.88,    107.70,    113.90,    138.96,    144.65,    140.28,    137.32,    128.63,    119.98,    111.44,    103.37,     96.01,     83.81,     78.91,     74.70,     71.07,     67.94,     62.02,     57.53,         0,         0,     63.38,         0,         0,         0,         0,         0,         0,         0,         0,         0,         0,         0
        40,    -48.00,    -15.00,     86.58,    131.71,    123.99,    115.01,    105.01,     94.46,     84.05,     80.63,     74.78,     83.78,    115.76,    135.64,         0,     64.54,         0,         0,         0,         0,         0,         0,         0,         0,         0,         0,         0,         0,         0,         0,         0,         0,         0,         0,         0,         0,         0,         0,         0,         0,         0,         0,         0,         0,    143.62
        41,     39.00,     28.00,    -72.42,         0,         0,         0,         0,         0,         0,         0,         0,         0,         0,         0,         0,         0,         0,         0,         0,         0,         0,         0,         0,         0,    140.98,    133.41,    125.23,    116.72,    108.26,     99.44,     95.98,     91.01,     95.78,    121.36,    124.04,    139.21,     83.88,     71.03,         0,         0,         0,         0,         0,         0,         0
        42,    -35.00,    -21.00,    147.58,         0,         0,         0,         0,    143.54,    133.30,    128.29,    121.01,    124.85,         0,         0,    117.95,    105.43,     93.14,     70.07,         0,         0,         0,         0,         0,         0,         0,         0,         0,         0,         0,         0,         0,         0,         0,         0,         0,         0,         0,         0,         0,         0,         0,         0,         0,         0,         0
        43,     18.00,     -6.00,   -151.42,         0,         0,         0,         0,         0,         0,         0,    140.47,    138.96,         0,    134.94,    114.00,    127.76,    125.57,    118.14,    111.05,    102.69,     98.94,     94.07,     87.61,     78.89,         0,         0,         0,         0,         0,         0,         0,         0,         0,         0,         0,         0,         0,         0,         0,         0,         0,         0,         0,         0,         0
        44,     50.00,    -12.00,     69.58,         0,         0,         0,         0,         0,         0,         0,         0,         0,         0,         0,         0,         0,         0,         0,         0,         0,         0,         0,         0,         0,         0,         0,         0,         0,         0,         0,         0,         0,    110.59,         0,         0,     55.69,     88.55,     99.56,     93.62,     90.36,     79.58,     68.49,     58.17,         0,         0
        45,    -29.00,    -11.00,     80.58,    111.39,    100.78,     89.43,     78.17,     67.80,     55.31,         0,         0,         0,     78.16,     58.75,         0,         0,         0,         0,         0,         0,         0,         0,         0,         0,         0,         0,         0,         0,         0,         0,         0,         0,         0,         0,         0,         0,         0,         0,         0,         0,         0,    144.65,    140.30,    135.00,    128.53
        46,      0.00,    -34.00,    -13.42,         0,         0,         0,         0,         0,         0,         0,         0,         0,         0,         0,         0,         0,         0,         0,         0,         0,         0,         0,         0,         0,    113.14,    100.62,     96.04,     93.70,     92.29,     82.63,     73.01,     64.10,     59.59,     65.24,         0,         0,         0,         0,         0,         0,         0,         0,         0,         0,         0
        47,    -30.00,     33.00,    123.58,         0,         0,    133.58,     74.54,     60.28,         0,         0,         0,         0,         0,         0,         0,         0,         0,         0,         0,         0,         0,         0,         0,         0,         0,         0,         0,         0,         0,         0,         0,         0,         0,         0,         0,         0,         0,         0,         0,         0,         0,         0,         0,         0,         0
        48,    -40.00,    -14.00,     36.58,     76.09,     67.25,     57.26,         0,         0,         0,         0,         0,         0,         0,     63.17,         0,         0,         0,         0,         0,         0,         0,         0,         0,         0,         0,         0,         0,         0,         0,         0,    140.08,    134.24,    132.28,    141.10,    126.12,    112.43,    123.85,    122.82,    117.45,    112.40,    106.09,    103.05,     99.45,     95.12,     89.91
        49,    -12.00,    -25.00,    -65.42,         0,         0,         0,         0,         0,         0,         0,         0,         0,         0,         0,         0,         0,         0,         0,         0,         0,         0,         0,         0,    116.45,     67.05,     58.21,         0,         0,         0,         0,         0,         0,         0,         0,         0,         0,         0,         0,         0,         0,         0,         0,         0,         0,         0
        50,     16.00,     26.00,    -11.42,         0,         0,         0,         0,         0,         0,         0,         0,         0,         0,         0,         0,         0,         0,         0,         0,         0,         0,         0,         0,         0,         0,         0,         0,         0,         0,    141.71,    136.18,    129.18,    130.32,         0,    141.25,    105.42,    115.75,    109.43,     96.71,     83.14,     67.65,     60.14,         0,         0,         0
        51,     14.00,    -32.00,    -89.42,         0,         0,         0,         0,         0,         0,         0,         0,         0,         0,         0,         0,         0,         0,         0,         0,         0,         0,         0,         0,         0,    130.32,     59.98,         0,         0,         0,         0,         0,         0,         0,         0,         0,         0,         0,         0,         0,         0,         0,         0,         0,         0,         0
        52,    -35.00,      6.00,    125.58,         0,         0,    144.19,    126.96,    111.14,     91.80,     76.91,     55.44,         0,    132.19,         0,         0,         0,         0,         0,         0,         0,         0,         0,         0,         0,         0,         0,         0,         0,         0,         0,         0,         0,         0,         0,         0,         0,         0,         0,         0,         0,         0,         0,         0,         0,         0
        53,     37.00,     -5.00,     32.58,         0,         0,         0,         0,         0,         0,         0,         0,         0,         0,         0,         0,         0,         0,         0,         0,         0,         0,         0,         0,         0,         0,         0,         0,         0,         0,         0,         0,         0,    139.74,         0,         0,         0,     95.69,     97.04,     82.61,     73.54,     59.04,         0,         0,         0,         0
        54,    -37.00,     -3.00,    -54.42,         0,         0,         0,         0,         0,         0,         0,         0,         0,         0,         0,    131.64,         0,         0,         0,         0,         0,    140.34,    124.58,    110.30,     98.71,     83.03,     77.85,     73.83,     70.64,     68.06,     61.44,     55.72,         0,         0,     58.72,         0,         0,         0,         0,         0,         0,         0,         0,         0,         0,         0
        55,     45.00,      1.00,     -7.42,         0,         0,         0,         0,         0,         0,         0,         0,         0,         0,         0,         0,         0,         0,         0,         0,         0,         0,         0,         0,         0,         0,         0,         0,         0,         0,         0,         0,    132.82,    137.61,         0,         0,         0,     55.66,     57.88,         0,         0,         0,         0,         0,         0,         0
        56,    -35.00,      4.00,    136.58,         0,         0,         0,    138.45,    123.38,    105.08,     91.40,     71.20,     66.07,    143.62,         0,         0,         0,         0,         0,         0,         0,         0,         0,         0,         0,         0,         0,         0,         0,         0,         0,         0,         0,         0,         0,         0,         0,         0,         0,         0,         0,         0,         0,         0,         0,         0
        57,     17.00,      3.00,     -6.42,         0,         0,         0,         0,         0,         0,         0,         0,         0,         0,         0,         0,         0,         0,         0,         0,         0,         0,         0,         0,         0,         0,         0,         0,         0,         0,    132.41,    122.87,    111.17,    109.12,    144.28,    102.63,         0,     87.22,     83.89,     71.06,     60.21,         0,         0,         0,         0,         0
        58,     -1.00,      4.00,     59.58,     55.16,         0,         0,         0,         0,         0,         0,         0,         0,         0,         0,         0,         0,         0,         0,         0,         0,         0,         0,         0,         0,         0,         0,         0,         0,         0,         0,         0,         0,         0,         0,         0,    136.10,         0,         0,    144.41,    135.80,    125.12,    119.09,    111.11,    100.54,     87.03
        59,     21.00,     -9.00,    -49.42,         0,         0,         0,         0,         0,         0,         0,         0,         0,         0,         0,         0,         0,         0,         0,         0,         0,         0,         0,         0,         0,         0,    142.49,    123.88,    108.23,     96.55,     80.16,     67.14,         0,         0,     87.15,         0,         0,         0,         0,         0,         0,         0,         0,         0,         0,         0
        60,    -49.00,    -19.00,     67.58,    111.50,    104.14,     95.72,     86.40,     76.59,     67.17,     64.58,     60.34,     68.84,     96.24,    112.31,         0,     59.13,         0,         0,         0,         0,         0,         0,         0,         0,         0,         0,         0,         0,         0,         0,         0,         0,         0,         0,         0,    142.89,         0,         0,         0,    142.97,    137.21,    134.49,    131.29,    127.53,    123.07
        61,     42.00,    -25.00,   -124.42,         0,         0,         0,         0,         0,         0,         0,         0,         0,         0,         0,         0,         0,         0,         0,         0,         0,         0,    144.58,    142.85,    140.51,    131.95,    123.11,    106.18,     73.71,         0,         0,         0,         0,         0,         0,         0,         0,         0,         0,         0,         0,         0,         0,         0,         0,         0
        62,     30.00,     23.00,     57.58,         0,         0,         0,         0,         0,         0,         0,         0,         0,         0,         0,         0,         0,         0,         0,         0,         0,         0,         0,         0,         0,         0,         0,         0,         0,         0,         0,         0,         0,         0,         0,         0,         0,         0,         0,         0,    143.54,    118.92,     99.58,     67.58,         0,         0
        63,    -12.00,    -11.00,     32.58,         0,         0,         0,         0,         0,         0,         0,         0,         0,         0,         0,         0,         0,         0,         0,         0,         0,         0,         0,         0,         0,         0,         0,         0,         0,         0,         0,    139.91,    131.76,    129.07,    143.24,    119.63,     99.63,    117.09,    115.88,    108.69,    102.22,     93.69,     88.70,     82.61,     75.20,     66.33
        64,    -44.00,     17.00,      2.58,     69.67,     60.07,         0,         0,         0,         0,         0,         0,         0,     82.42,         0,         0,         0,         0,         0,         0,         0,         0,         0,         0,         0,         0,    143.77,    139.70,    136.27,    133.36,    127.32,    122.52,    117.41,    116.48,    127.45,    114.60,    100.43,    108.46,    106.51,    100.89,     95.32,     89.41,     87.90,     86.02,     83.61,     80.41
        65,     53.00,     34.00,   -140.42,    144.12,    143.50,    143.03,    142.66,    142.36,    137.52,    132.39,    127.38,    125.29,    130.62,    118.63,    108.28,    118.43,    117.96,    113.64,    109.61,    104.25,    101.45,     98.25,     94.58,     90.37,     80.08,     73.90,     67.07,     59.68,         0,         0,         0,         0,         0,     67.22,     76.38,    100.39,         0,         0,         0,         0,         0,         0,         0,         0,         0
        66,    -18.00,    -31.00,    -74.42,         0,         0,         0,         0,         0,         0,         0,         0,         0,         0,         0,         0,         0,         0,         0,         0,         0,         0,         0,    129.62,     70.58,         0,         0,         0,         0,         0,         0,         0,         0,         0,         0,         0,         0,         0,         0,         0,         0,         0,         0,         0,         0,         0
        67,     18.00,     16.00,    135.58,     94.98,     86.76,     81.18,     77.21,     74.27,     66.02,     58.59,         0,         0,     59.83,         0,         0,         0,         0,         0,         0,         0,         0,         0,         0,         0,         0,         0,         0,         0,         0,         0,         0,         0,         0,         0,         0,         0,         0,         0,         0,         0,         0,         0,         0,         0,    126.40
        68,    -41.00,    -29.00,   -149.42,         0,         0,         0,         0,         0,         0,         0,         0,         0,         0,         0,         0,         0,         0,         0,    127.21,     82.57,         0,         0,         0,         0,         0,         0,         0,         0,         0,         0,         0,         0,         0,         0,         0,         0,         0,         0,         0,         0,         0,         0,         0,         0,         0
        69,    -15.00,     12.00,    103.58,    124.07,    103.09,     84.52,     70.78,     61.23,         0,         0,         0,         0,         0,         0,         0,         0,         0,         0,         0,         0,         0,         0,         0,         0,         0,         0,         0,         0,         0,         0,         0,         0,         0,         0,         0,         0,         0,         0,         0,         0,         0,         0,         0,         0,         0
        70,     25.00,     30.00,    -81.42,         0,         0,         0,         0,         0,         0,         0,         0,         0,         0,         0,         0,         0,         0,         0,         0,         0,         0,         0,    141.69,    135.48,    120.84,    112.72,    104.43,     96.31,     88.66,     79.77,     75.15,     69.06,     71.47,     96.36,     88.73,     61.30,     57.97,         0,         0,         0,         0,         0,         0,         0,         0
        71,     46.00,     24.00,   -105.42,         0,         0,         0,         0,         0,         0,         0,         0,         0,         0,         0,         0,         0,         0,         0,         0,    141.30,    138.35,    134.92,    130.91,    126.21,    114.32,    107.01,     98.83,     90.02,     80.95,     72.05,     69.32,     65.14,     71.86,     97.60,    107.55,         0,     62.19,         0,         0,         0,         0,         0,         0,         0,         0
        72,    -24.00,    -31.00,    127.58,         0,    140.85,    132.68,    124.70,    117.20,    108.44,    103.89,     97.91,    100.24,    124.52,    116.69,     90.50,     87.18,     79.28,     65.51,         0,         0,         0,         0,         0,         0,         0,         0,         0,         0,         0,         0,         0,         0,         0,         0,         0,         0,         0,         0,         0,         0,         0,         0,         0,         0,         0
        73,    -34.00,     34.00,    -38.42,         0,         0,         0,         0,         0,         0,         0,         0,         0,         0,         0,         0,         0,         0,         0,         0,         0,         0,         0,    140.72,    133.38,    120.50,    115.09,    110.34,    106.19,    102.57,     96.40,     91.99,     87.14,     86.82,     99.29,     87.54,     72.92,     78.81,     76.20,     70.23,     64.07,     58.17,     57.71,     57.11,     56.29,     55.10
        74,     26.00,     12.00,    170.58,    127.45,    120.99,    116.32,    112.83,    110.14,    102.67,     96.02,     89.22,     86.96,     97.95,     79.60,     63.21,     77.05,     75.90,     69.72,     64.01,     56.72,         0,         0,         0,         0,         0,         0,         0,         0,         0,         0,         0,         0,         0,         0,         0,         0,         0,         0,         0,         0,         0,         0,         0,         0,         0
        75,     -7.00,     31.00,    -73.42,         0,         0,         0,         0,         0,         0,         0,         0,         0,         0,         0,         0,         0,         0,         0,         0,         0,    141.82,    134.77,    127.10,    119.03,    102.93,     95.49,     88.72,     82.70,     77.42,     69.76,     64.70,     58.82,     58.93,     76.56,     62.48,         0,         0,         0,         0,         0,         0,         0,         0,         0,         0
        76,     46.00,      9.00,    165.58,    113.76,    110.02,    107.12,    104.81,    102.93,     96.99,     91.62,     86.13,     84.43,     93.24,     79.30,     66.06,     76.39,     75.23,     70.00,     65.02,     59.01,     56.41,         0,         0,         0,         0,         0,         0,         0,         0,         0,         0,         0,         0,         0,         0,    132.82,         0,         0,         0,         0,         0,         0,         0,    134.66,    125.38
        77,      8.00,     10.00,   -113.42,         0,         0,         0,         0,         0,         0,         0,         0,         0,         0,         0,    132.19,         0,         0,    142.14,    135.36,    126.39,    120.99,    114.37,    106.32,     96.75,     74.24,     62.82,         0,         0,         0,         0,         0,         0,         0,         0,         0,         0,         0,         0,         0,         0,         0,         0,         0,         0,         0
        78,     26.00,     -8.00,     79.58,         0,         0,         0,         0,         0,         0,         0,         0,         0,         0,         0,         0,         0,         0,         0,         0,         0,         0,         0,         0,         0,         0,         0,         0,         0,         0,         0,         0,         0,         0,         0,    140.43,    108.92,         0,         0,    138.39,    129.68,    116.63,    106.17,     94.44,     82.30,     70.78
        79,    -24.00,    -13.00,    -27.42,         0,         0,         0,         0,         0,         0,         0,         0,         0,         0,         0,         0,         0,         0,         0,         0,         0,         0,         0,         0,    134.28,    109.98,    103.16,     98.29,     94.69,     91.94,     84.29,     77.46,     70.48,     68.13,     79.25,     60.32,         0,     58.01,     56.91,         0,         0,         0,         0,         0,         0,         0
        80,     47.00,    -15.00,     15.58,         0,         0,         0,         0,         0,         0,         0,         0,         0,         0,         0,         0,         0,         0,         0,         0,         0,         0,         0,         0,         0,         0,         0,         0,         0,         0,         0,    140.02,     91.14,     62.48,         0,         0,         0,         0,         0,         0,         0,         0,         0,         0,         0,         0
        81,    -23.00,     19.00,     -5.42,         0,         0,         0,         0,         0,         0,         0,         0,         0,         0,         0,         0,         0,         0,         0,         0,         0,         0,         0,         0,         0,         0,         0,    142.16,    137.21,    133.05,    125.75,    120.29,    114.28,    113.47,    128.12,    112.48,     93.61,    103.54,    100.92,     93.87,     86.85,     79.26,     76.97,     73.90,     69.64,     63.36
        82,     -2.00,     30.00,    -42.42,         0,         0,         0,         0,         0,         0,         0,         0,         0,         0,         0,         0,         0,         0,         0,         0,         0,         0,         0,         0,         0,    137.71,    129.89,    122.70,    116.25,    110.58,    102.58,     97.38,     91.27,     91.52,    110.47,     96.00,     72.39,     80.26,     76.01,     67.04,     57.58,         0,         0,         0,         0,         0
        83,     29.00,    -24.00,     18.58,         0,         0,         0,         0,         0,         0,         0,         0,         0,         0,         0,         0,         0,         0,         0,         0,         0,         0,         0,         0,         0,         0,         0,         0,         0,         0,    130.27,    110.73,     92.81,     83.28,     88.22,         0,         0,     66.32,     69.04,     61.97,     56.82,         0,         0,         0,         0,         0
        84,     46.00,    -33.00,     20.58,         0,         0,         0,         0,         0,         0,         0,         0,         0,         0,         0,         0,         0,         0,         0,         0,         0,         0,         0,         0,         0,         0,         0,         0,         0,         0,    106.54,     73.29,     58.13,         0,         0,         0,         0,         0,         0,         0,         0,         0,         0,         0,         0,         0
        85,    -36.00,    -17.00,    149.58,         0,         0,         0,         0,         0,    134.50,    128.84,    120.41,    124.28,         0,         0,         0,    100.02,     87.23,     61.81,         0,         0,         0,         0,         0,         0,         0,         0,         0,         0,         0,         0,         0,         0,         0,         0,         0,         0,         0,         0,         0,         0,         0,         0,         0,         0,         0
        86,    -52.00,     25.00,    106.58,         0,         0,         0,         0,    124.71,     66.38,         0,         0,         0,         0,         0,         0,         0,         0,         0,         0,         0,         0,         0,         0,         0,         0,         0,         0,         0,         0,         0,         0,         0,         0,         0,         0,         0,         0,         0,         0,         0,         0,         0,         0,         0,         0
        87,      0.00,     12.00,   -122.42,         0,         0,         0,         0,         0,         0,         0,         0,         0,         0,    139.06,    115.81,    137.85,    136.81,    128.69,    121.67,    112.01,    105.69,     98.04,     88.99,     78.67,     56.49,         0,         0,         0,         0,         0,         0,         0,         0,         0,         0,         0,         0,         0,         0,         0,         0,         0,         0,         0,         0
        88,    -52.00,     -9.00,   -172.42,         0,         0,         0,         0,         0,         0,         0,         0,         0,         0,         0,         0,         0,     98.12,         0,         0,         0,         0,         0,         0,         0,         0,         0,         0,         0,         0,         0,         0,         0,         0,         0,         0,         0,         0,         0,         0,         0,         0,         0,         0,         0,         0
        89,      6.00,      7.00,    162.58,         0,    133.49,    124.21,    117.40,    112.32,    102.35,     94.06,     85.26,     82.59,     99.84,     73.08,         0,     69.22,     67.70,     59.71,         0,         0,         0,         0,         0,         0,         0,         0,         0,         0,         0,         0,         0,         0,         0,         0,         0,         0,         0,         0,         0,         0,         0,         0,         0,         0,         0
        90,      5.00,      4.00,     81.58,     68.38,     56.04,         0,         0,         0,         0,         0,         0,         0,         0,         0,         0,         0,         0,         0,         0,         0,         0,         0,         0,         0,         0,         0,         0,         0,         0,         0,         0,         0,         0,         0,         0,         0,         0,         0,         0,         0,    143.70,    136.58,    127.12,    114.78,     99.71
        91,      4.00,     34.00,     23.58,         0,         0,         0,         0,         0,         0,         0,         0,         0,         0,         0,         0,         0,         0,         0,         0,         0,         0,         0,         0,         0,         0,         0,         0,         0,         0,         0,         0,         0,         0,         0,         0,         0,         0,         0,    138.11,    127.82,    117.38,    115.67,    112.69,    106.23,     83.77
        92,    -54.00,     14.00,    139.58,         0,         0,         0,         0,         0,    135.54,    115.89,         0,         0,         0,         0,         0,         0,         0,         0,         0,         0,         0,         0,         0,         0,         0,         0,         0,         0,         0,         0,         0,         0,         0,         0,         0,         0,         0,         0,         0,         0,         0,         0,         0,         0,         0
        93,     -1.00,    -19.00,    163.58,         0,         0,         0,    139.66,    133.39,    124.26,    117.96,    110.54,    110.15,    131.81,    112.19,     81.93,     96.56,     92.55,     82.57,     72.66,     61.38,     56.43,         0,         0,         0,         0,         0,         0,         0,         0,         0,         0,         0,         0,         0,         0,         0,         0,         0,         0,         0,         0,         0,         0,         0,         0
        94,    -44.00,    -33.00,    164.58,         0,         0,         0,         0,         0,         0,         0,         0,         0,         0,         0,         0,         0,    143.25,    127.46,     96.67,         0,         0,         0,         0,         0,         0,         0,         0,         0,         0,         0,         0,         0,         0,         0,         0,         0,         0,         0,         0,         0,         0,         0,         0,         0,         0
        95,    -31.00,     -3.00,   -114.42,         0,         0,         0,         0,         0,         0,         0,         0,         0,         0,         0,     91.43,         0,         0,    133.38,    120.58,    103.40,     89.62,     73.99,     58.59,         0,         0,         0,         0,         0,         0,         0,         0,         0,         0,         0,         0,         0,         0,         0,         0,         0,         0,         0,         0,         0,         0
        96,    -13.00,     17.00,    145.58,         0,    137.93,    117.88,    104.75,     96.31,     81.69,     69.39,     56.74,         0,     73.07,         0,         0,         0,         0,         0,         0,         0,         0,         0,         0,         0,         0,         0,         0,         0,         0,         0,         0,         0,         0,         0,         0,         0,         0,         0,         0,         0,         0,         0,         0,         0,         0
        97,     -1.00,    -18.00,    -28.42,         0,         0,         0,         0,         0,         0,         0,         0,         0,         0,         0,         0,         0,         0,         0,         0,         0,         0,         0,         0,         0,    133.93,    116.58,    105.69,     98.70,     93.96,     83.08,     73.52,     63.86,     60.08,     74.69,         0,         0,         0,         0,         0,         0,         0,         0,         0,         0,         0
        98,     17.00,    -23.00,     24.58,         0,         0,         0,         0,         0,         0,         0,         0,         0,         0,         0,         0,         0,         0,         0,         0,         0,         0,         0,         0,         0,         0,         0,         0,         0,         0,    134.27,    120.39,    106.99,    100.63,    115.53,     73.88,     58.23,     84.76,     85.75,     78.22,     72.30,     62.60,         0,         0,         0,         0
        99,    -50.00,     23.00,   -159.42,         0,         0,         0,         0,         0,         0,    100.02,     62.19,         0,         0,         0,         0,         0,         0,         0,         0,         0,         0,         0,         0,         0,         0,         0,         0,         0,         0,         0,         0,         0,         0,         0,         0,         0,         0,         0,         0,         0,         0,         0,         0,         0,         0
